"filename", "language", "XML", "SCSS", "TypeScript", "Markdown", "HTML", "JSON", "PHP", "CSS", "JavaScript", "comment", "blank", "total"
"/Users/elias/Desktop/Portfolio/book-club-laravel-angular/README.md", "Markdown", 0, 0, 0, 1, 0, 0, 0, 0, 0, 0, 0, 1
"/Users/elias/Desktop/Portfolio/book-club-laravel-angular/books-management-php-angular/book-api/README.md", "Markdown", 0, 0, 0, 45, 0, 0, 0, 0, 0, 0, 22, 67
"/Users/elias/Desktop/Portfolio/book-club-laravel-angular/books-management-php-angular/book-api/app/Console/Kernel.php", "PHP", 0, 0, 0, 0, 0, 0, 15, 0, 0, 7, 6, 28
"/Users/elias/Desktop/Portfolio/book-club-laravel-angular/books-management-php-angular/book-api/app/Exceptions/Handler.php", "PHP", 0, 0, 0, 0, 0, 0, 17, 0, 0, 9, 5, 31
"/Users/elias/Desktop/Portfolio/book-club-laravel-angular/books-management-php-angular/book-api/app/Filters/ApiFilter.php", "PHP", 0, 0, 0, 0, 0, 0, 31, 0, 0, 0, 11, 42
"/Users/elias/Desktop/Portfolio/book-club-laravel-angular/books-management-php-angular/book-api/app/Filters/V1/BooksFilter.php", "PHP", 0, 0, 0, 0, 0, 0, 27, 0, 0, 0, 5, 32
"/Users/elias/Desktop/Portfolio/book-club-laravel-angular/books-management-php-angular/book-api/app/Filters/V1/CustomersFilter.php", "PHP", 0, 0, 0, 0, 0, 0, 28, 0, 0, 0, 5, 33
"/Users/elias/Desktop/Portfolio/book-club-laravel-angular/books-management-php-angular/book-api/app/Http/Controllers/Api/V1/AuthController.php", "PHP", 0, 0, 0, 0, 0, 0, 112, 0, 0, 16, 37, 165
"/Users/elias/Desktop/Portfolio/book-club-laravel-angular/books-management-php-angular/book-api/app/Http/Controllers/Api/V1/BookController.php", "PHP", 0, 0, 0, 0, 0, 0, 117, 0, 0, 24, 17, 158
"/Users/elias/Desktop/Portfolio/book-club-laravel-angular/books-management-php-angular/book-api/app/Http/Controllers/Api/V1/FavouriteController.php", "PHP", 0, 0, 0, 0, 0, 0, 39, 0, 0, 26, 11, 76
"/Users/elias/Desktop/Portfolio/book-club-laravel-angular/books-management-php-angular/book-api/app/Http/Controllers/Api/V1/UserController.php", "PHP", 0, 0, 0, 0, 0, 0, 46, 0, 0, 15, 17, 78
"/Users/elias/Desktop/Portfolio/book-club-laravel-angular/books-management-php-angular/book-api/app/Http/Controllers/Controller.php", "PHP", 0, 0, 0, 0, 0, 0, 9, 0, 0, 0, 4, 13
"/Users/elias/Desktop/Portfolio/book-club-laravel-angular/books-management-php-angular/book-api/app/Http/Kernel.php", "PHP", 0, 0, 0, 0, 0, 0, 41, 0, 0, 21, 7, 69
"/Users/elias/Desktop/Portfolio/book-club-laravel-angular/books-management-php-angular/book-api/app/Http/Middleware/Authenticate.php", "PHP", 0, 0, 0, 0, 0, 0, 11, 0, 0, 3, 4, 18
"/Users/elias/Desktop/Portfolio/book-club-laravel-angular/books-management-php-angular/book-api/app/Http/Middleware/EncryptCookies.php", "PHP", 0, 0, 0, 0, 0, 0, 8, 0, 0, 6, 4, 18
"/Users/elias/Desktop/Portfolio/book-club-laravel-angular/books-management-php-angular/book-api/app/Http/Middleware/PreventRequestsDuringMaintenance.php", "PHP", 0, 0, 0, 0, 0, 0, 8, 0, 0, 6, 4, 18
"/Users/elias/Desktop/Portfolio/book-club-laravel-angular/books-management-php-angular/book-api/app/Http/Middleware/RedirectIfAuthenticated.php", "PHP", 0, 0, 0, 0, 0, 0, 20, 0, 0, 5, 6, 31
"/Users/elias/Desktop/Portfolio/book-club-laravel-angular/books-management-php-angular/book-api/app/Http/Middleware/TrimStrings.php", "PHP", 0, 0, 0, 0, 0, 0, 11, 0, 0, 5, 4, 20
"/Users/elias/Desktop/Portfolio/book-club-laravel-angular/books-management-php-angular/book-api/app/Http/Middleware/TrustHosts.php", "PHP", 0, 0, 0, 0, 0, 0, 12, 0, 0, 5, 4, 21
"/Users/elias/Desktop/Portfolio/book-club-laravel-angular/books-management-php-angular/book-api/app/Http/Middleware/TrustProxies.php", "PHP", 0, 0, 0, 0, 0, 0, 14, 0, 0, 10, 5, 29
"/Users/elias/Desktop/Portfolio/book-club-laravel-angular/books-management-php-angular/book-api/app/Http/Middleware/ValidateSignature.php", "PHP", 0, 0, 0, 0, 0, 0, 8, 0, 0, 11, 4, 23
"/Users/elias/Desktop/Portfolio/book-club-laravel-angular/books-management-php-angular/book-api/app/Http/Middleware/VerifyCsrfToken.php", "PHP", 0, 0, 0, 0, 0, 0, 8, 0, 0, 6, 4, 18
"/Users/elias/Desktop/Portfolio/book-club-laravel-angular/books-management-php-angular/book-api/app/Http/Requests/StoreBookRequest.php", "PHP", 0, 0, 0, 0, 0, 0, 38, 0, 0, 9, 7, 54
"/Users/elias/Desktop/Portfolio/book-club-laravel-angular/books-management-php-angular/book-api/app/Http/Requests/StoreCustomerRequest.php", "PHP", 0, 0, 0, 0, 0, 0, 50, 0, 0, 8, 10, 68
"/Users/elias/Desktop/Portfolio/book-club-laravel-angular/books-management-php-angular/book-api/app/Http/Requests/StoreFavouriteRequest.php", "PHP", 0, 0, 0, 0, 0, 0, 46, 0, 0, 9, 11, 66
"/Users/elias/Desktop/Portfolio/book-club-laravel-angular/books-management-php-angular/book-api/app/Http/Requests/StoreUserRequest.php", "PHP", 0, 0, 0, 0, 0, 0, 48, 0, 0, 14, 10, 72
"/Users/elias/Desktop/Portfolio/book-club-laravel-angular/books-management-php-angular/book-api/app/Http/Requests/UpdateBookRequest.php", "PHP", 0, 0, 0, 0, 0, 0, 69, 0, 0, 8, 15, 92
"/Users/elias/Desktop/Portfolio/book-club-laravel-angular/books-management-php-angular/book-api/app/Http/Requests/UpdateCustomerRequest.php", "PHP", 0, 0, 0, 0, 0, 0, 64, 0, 0, 8, 12, 84
"/Users/elias/Desktop/Portfolio/book-club-laravel-angular/books-management-php-angular/book-api/app/Http/Requests/UpdateFavouriteRequest.php", "PHP", 0, 0, 0, 0, 0, 0, 15, 0, 0, 9, 5, 29
"/Users/elias/Desktop/Portfolio/book-club-laravel-angular/books-management-php-angular/book-api/app/Http/Requests/UpdateUserRequest.php", "PHP", 0, 0, 0, 0, 0, 0, 67, 0, 0, 8, 12, 87
"/Users/elias/Desktop/Portfolio/book-club-laravel-angular/books-management-php-angular/book-api/app/Http/Resources/V1/BookCollection.php", "PHP", 0, 0, 0, 0, 0, 0, 26, 0, 0, 27, 18, 71
"/Users/elias/Desktop/Portfolio/book-club-laravel-angular/books-management-php-angular/book-api/app/Http/Resources/V1/BookResource.php", "PHP", 0, 0, 0, 0, 0, 0, 21, 0, 0, 5, 4, 30
"/Users/elias/Desktop/Portfolio/book-club-laravel-angular/books-management-php-angular/book-api/app/Http/Resources/V1/FavouriteCollection.php", "PHP", 0, 0, 0, 0, 0, 0, 11, 0, 0, 5, 4, 20
"/Users/elias/Desktop/Portfolio/book-club-laravel-angular/books-management-php-angular/book-api/app/Http/Resources/V1/FavouriteResource.php", "PHP", 0, 0, 0, 0, 0, 0, 22, 0, 0, 5, 4, 31
"/Users/elias/Desktop/Portfolio/book-club-laravel-angular/books-management-php-angular/book-api/app/Http/Resources/V1/UserCollection.php", "PHP", 0, 0, 0, 0, 0, 0, 15, 0, 0, 5, 5, 25
"/Users/elias/Desktop/Portfolio/book-club-laravel-angular/books-management-php-angular/book-api/app/Http/Resources/V1/UserResource.php", "PHP", 0, 0, 0, 0, 0, 0, 24, 0, 0, 5, 5, 34
"/Users/elias/Desktop/Portfolio/book-club-laravel-angular/books-management-php-angular/book-api/app/Models/Book.php", "PHP", 0, 0, 0, 0, 0, 0, 43, 0, 0, 2, 11, 56
"/Users/elias/Desktop/Portfolio/book-club-laravel-angular/books-management-php-angular/book-api/app/Models/Customer.php", "PHP", 0, 0, 0, 0, 0, 0, 17, 0, 0, 0, 5, 22
"/Users/elias/Desktop/Portfolio/book-club-laravel-angular/books-management-php-angular/book-api/app/Models/Favourite.php", "PHP", 0, 0, 0, 0, 0, 0, 23, 0, 0, 0, 7, 30
"/Users/elias/Desktop/Portfolio/book-club-laravel-angular/books-management-php-angular/book-api/app/Models/User.php", "PHP", 0, 0, 0, 0, 0, 0, 48, 0, 0, 24, 14, 86
"/Users/elias/Desktop/Portfolio/book-club-laravel-angular/books-management-php-angular/book-api/app/Policies/BookPolicy.php", "PHP", 0, 0, 0, 0, 0, 0, 29, 0, 0, 28, 10, 67
"/Users/elias/Desktop/Portfolio/book-club-laravel-angular/books-management-php-angular/book-api/app/Policies/CustomerPolicy.php", "PHP", 0, 0, 0, 0, 0, 0, 29, 0, 0, 28, 10, 67
"/Users/elias/Desktop/Portfolio/book-club-laravel-angular/books-management-php-angular/book-api/app/Policies/FavouritePolicy.php", "PHP", 0, 0, 0, 0, 0, 0, 29, 0, 0, 28, 10, 67
"/Users/elias/Desktop/Portfolio/book-club-laravel-angular/books-management-php-angular/book-api/app/Providers/AppServiceProvider.php", "PHP", 0, 0, 0, 0, 0, 0, 12, 0, 0, 8, 5, 25
"/Users/elias/Desktop/Portfolio/book-club-laravel-angular/books-management-php-angular/book-api/app/Providers/AuthServiceProvider.php", "PHP", 0, 0, 0, 0, 0, 0, 11, 0, 0, 11, 5, 27
"/Users/elias/Desktop/Portfolio/book-club-laravel-angular/books-management-php-angular/book-api/app/Providers/BroadcastServiceProvider.php", "PHP", 0, 0, 0, 0, 0, 0, 12, 0, 0, 3, 5, 20
"/Users/elias/Desktop/Portfolio/book-club-laravel-angular/books-management-php-angular/book-api/app/Providers/EventServiceProvider.php", "PHP", 0, 0, 0, 0, 0, 0, 21, 0, 0, 12, 6, 39
"/Users/elias/Desktop/Portfolio/book-club-laravel-angular/books-management-php-angular/book-api/app/Providers/RouteServiceProvider.php", "PHP", 0, 0, 0, 0, 0, 0, 24, 0, 0, 10, 7, 41
"/Users/elias/Desktop/Portfolio/book-club-laravel-angular/books-management-php-angular/book-api/bootstrap/app.php", "PHP", 0, 0, 0, 0, 0, 0, 17, 0, 0, 30, 9, 56
"/Users/elias/Desktop/Portfolio/book-club-laravel-angular/books-management-php-angular/book-api/composer.json", "JSON", 0, 0, 0, 0, 0, 69, 0, 0, 0, 0, 1, 70
"/Users/elias/Desktop/Portfolio/book-club-laravel-angular/books-management-php-angular/book-api/composer.lock", "JSON", 0, 0, 0, 0, 0, 8489, 0, 0, 0, 0, 1, 8490
"/Users/elias/Desktop/Portfolio/book-club-laravel-angular/books-management-php-angular/book-api/config/app.php", "PHP", 0, 0, 0, 0, 0, 0, 31, 0, 0, 131, 31, 193
"/Users/elias/Desktop/Portfolio/book-club-laravel-angular/books-management-php-angular/book-api/config/auth.php", "PHP", 0, 0, 0, 0, 0, 0, 32, 0, 0, 74, 13, 119
"/Users/elias/Desktop/Portfolio/book-club-laravel-angular/books-management-php-angular/book-api/config/broadcasting.php", "PHP", 0, 0, 0, 0, 0, 0, 36, 0, 0, 23, 13, 72
"/Users/elias/Desktop/Portfolio/book-club-laravel-angular/books-management-php-angular/book-api/config/cache.php", "PHP", 0, 0, 0, 0, 0, 0, 59, 0, 0, 34, 19, 112
"/Users/elias/Desktop/Portfolio/book-club-laravel-angular/books-management-php-angular/book-api/config/cors.php", "PHP", 0, 0, 0, 0, 0, 0, 11, 0, 0, 12, 12, 35
"/Users/elias/Desktop/Portfolio/book-club-laravel-angular/books-management-php-angular/book-api/config/database.php", "PHP", 0, 0, 0, 0, 0, 0, 83, 0, 0, 47, 22, 152
"/Users/elias/Desktop/Portfolio/book-club-laravel-angular/books-management-php-angular/book-api/config/filesystems.php", "PHP", 0, 0, 0, 0, 0, 0, 32, 0, 0, 32, 13, 77
"/Users/elias/Desktop/Portfolio/book-club-laravel-angular/books-management-php-angular/book-api/config/hashing.php", "PHP", 0, 0, 0, 0, 0, 0, 14, 0, 0, 32, 9, 55
"/Users/elias/Desktop/Portfolio/book-club-laravel-angular/books-management-php-angular/book-api/config/jwt.php", "PHP", 0, 0, 0, 0, 0, 0, 32, 0, 0, 226, 44, 302
"/Users/elias/Desktop/Portfolio/book-club-laravel-angular/books-management-php-angular/book-api/config/logging.php", "PHP", 0, 0, 0, 0, 0, 0, 79, 0, 0, 34, 19, 132
"/Users/elias/Desktop/Portfolio/book-club-laravel-angular/books-management-php-angular/book-api/config/mail.php", "PHP", 0, 0, 0, 0, 0, 0, 61, 0, 0, 54, 20, 135
"/Users/elias/Desktop/Portfolio/book-club-laravel-angular/books-management-php-angular/book-api/config/queue.php", "PHP", 0, 0, 0, 0, 0, 0, 51, 0, 0, 42, 17, 110
"/Users/elias/Desktop/Portfolio/book-club-laravel-angular/books-management-php-angular/book-api/config/sanctum.php", "PHP", 0, 0, 0, 0, 0, 0, 17, 0, 0, 53, 14, 84
"/Users/elias/Desktop/Portfolio/book-club-laravel-angular/books-management-php-angular/book-api/config/services.php", "PHP", 0, 0, 0, 0, 0, 0, 17, 0, 0, 11, 7, 35
"/Users/elias/Desktop/Portfolio/book-club-laravel-angular/books-management-php-angular/book-api/config/session.php", "PHP", 0, 0, 0, 0, 0, 0, 23, 0, 0, 157, 35, 215
"/Users/elias/Desktop/Portfolio/book-club-laravel-angular/books-management-php-angular/book-api/config/view.php", "PHP", 0, 0, 0, 0, 0, 0, 10, 0, 0, 20, 7, 37
"/Users/elias/Desktop/Portfolio/book-club-laravel-angular/books-management-php-angular/book-api/database/factories/BookFactory.php", "PHP", 0, 0, 0, 0, 0, 0, 23, 0, 0, 8, 5, 36
"/Users/elias/Desktop/Portfolio/book-club-laravel-angular/books-management-php-angular/book-api/database/factories/CustomerFactory.php", "PHP", 0, 0, 0, 0, 0, 0, 20, 0, 0, 8, 5, 33
"/Users/elias/Desktop/Portfolio/book-club-laravel-angular/books-management-php-angular/book-api/database/factories/FavouriteFactory.php", "PHP", 0, 0, 0, 0, 0, 0, 23, 0, 0, 8, 5, 36
"/Users/elias/Desktop/Portfolio/book-club-laravel-angular/books-management-php-angular/book-api/database/factories/UserFactory.php", "PHP", 0, 0, 0, 0, 0, 0, 31, 0, 0, 14, 6, 51
"/Users/elias/Desktop/Portfolio/book-club-laravel-angular/books-management-php-angular/book-api/database/migrations/2014_10_12_000000_create_users_table.php", "PHP", 0, 0, 0, 0, 0, 0, 29, 0, 0, 6, 4, 39
"/Users/elias/Desktop/Portfolio/book-club-laravel-angular/books-management-php-angular/book-api/database/migrations/2014_10_12_100000_create_password_reset_tokens_table.php", "PHP", 0, 0, 0, 0, 0, 0, 19, 0, 0, 6, 4, 29
"/Users/elias/Desktop/Portfolio/book-club-laravel-angular/books-management-php-angular/book-api/database/migrations/2019_08_19_000000_create_failed_jobs_table.php", "PHP", 0, 0, 0, 0, 0, 0, 23, 0, 0, 6, 4, 33
"/Users/elias/Desktop/Portfolio/book-club-laravel-angular/books-management-php-angular/book-api/database/migrations/2019_12_14_000001_create_personal_access_tokens_table.php", "PHP", 0, 0, 0, 0, 0, 0, 24, 0, 0, 6, 4, 34
"/Users/elias/Desktop/Portfolio/book-club-laravel-angular/books-management-php-angular/book-api/database/migrations/2024_01_24_115535_create_books_table.php", "PHP", 0, 0, 0, 0, 0, 0, 26, 0, 0, 6, 4, 36
"/Users/elias/Desktop/Portfolio/book-club-laravel-angular/books-management-php-angular/book-api/database/migrations/2024_02_08_183152_create_favourites_table.php", "PHP", 0, 0, 0, 0, 0, 0, 26, 0, 0, 6, 4, 36
"/Users/elias/Desktop/Portfolio/book-club-laravel-angular/books-management-php-angular/book-api/database/seeders/BookSeeder.php", "PHP", 0, 0, 0, 0, 0, 0, 14, 0, 0, 3, 4, 21
"/Users/elias/Desktop/Portfolio/book-club-laravel-angular/books-management-php-angular/book-api/database/seeders/CustomerSeeder.php", "PHP", 0, 0, 0, 0, 0, 0, 15, 0, 0, 3, 4, 22
"/Users/elias/Desktop/Portfolio/book-club-laravel-angular/books-management-php-angular/book-api/database/seeders/DatabaseSeeder.php", "PHP", 0, 0, 0, 0, 0, 0, 14, 0, 0, 9, 7, 30
"/Users/elias/Desktop/Portfolio/book-club-laravel-angular/books-management-php-angular/book-api/database/seeders/FavouriteSeeder.php", "PHP", 0, 0, 0, 0, 0, 0, 14, 0, 0, 3, 4, 21
"/Users/elias/Desktop/Portfolio/book-club-laravel-angular/books-management-php-angular/book-api/package.json", "JSON", 0, 0, 0, 0, 0, 13, 0, 0, 0, 0, 1, 14
"/Users/elias/Desktop/Portfolio/book-club-laravel-angular/books-management-php-angular/book-api/phpunit.xml", "XML", 30, 0, 0, 0, 0, 0, 0, 0, 0, 2, 1, 33
"/Users/elias/Desktop/Portfolio/book-club-laravel-angular/books-management-php-angular/book-api/public/index.php", "PHP", 0, 0, 0, 0, 0, 0, 14, 0, 0, 30, 12, 56
"/Users/elias/Desktop/Portfolio/book-club-laravel-angular/books-management-php-angular/book-api/resources/css/app.css", "CSS", 0, 0, 0, 0, 0, 0, 0, 0, 0, 0, 1, 1
"/Users/elias/Desktop/Portfolio/book-club-laravel-angular/books-management-php-angular/book-api/resources/js/app.js", "JavaScript", 0, 0, 0, 0, 0, 0, 0, 0, 1, 0, 1, 2
"/Users/elias/Desktop/Portfolio/book-club-laravel-angular/books-management-php-angular/book-api/resources/js/bootstrap.js", "JavaScript", 0, 0, 0, 0, 0, 0, 0, 0, 3, 23, 7, 33
"/Users/elias/Desktop/Portfolio/book-club-laravel-angular/books-management-php-angular/book-api/resources/views/welcome.blade.php", "PHP", 0, 0, 0, 0, 0, 0, 118, 0, 0, 0, 23, 141
"/Users/elias/Desktop/Portfolio/book-club-laravel-angular/books-management-php-angular/book-api/routes/api.php", "PHP", 0, 0, 0, 0, 0, 0, 23, 0, 0, 13, 10, 46
"/Users/elias/Desktop/Portfolio/book-club-laravel-angular/books-management-php-angular/book-api/routes/channels.php", "PHP", 0, 0, 0, 0, 0, 0, 5, 0, 0, 10, 4, 19
"/Users/elias/Desktop/Portfolio/book-club-laravel-angular/books-management-php-angular/book-api/routes/console.php", "PHP", 0, 0, 0, 0, 0, 0, 6, 0, 0, 10, 4, 20
"/Users/elias/Desktop/Portfolio/book-club-laravel-angular/books-management-php-angular/book-api/routes/web.php", "PHP", 0, 0, 0, 0, 0, 0, 5, 0, 0, 10, 4, 19
"/Users/elias/Desktop/Portfolio/book-club-laravel-angular/books-management-php-angular/book-api/tests/CreatesApplication.php", "PHP", 0, 0, 0, 0, 0, 0, 13, 0, 0, 3, 6, 22
"/Users/elias/Desktop/Portfolio/book-club-laravel-angular/books-management-php-angular/book-api/tests/Feature/ExampleTest.php", "PHP", 0, 0, 0, 0, 0, 0, 11, 0, 0, 4, 5, 20
"/Users/elias/Desktop/Portfolio/book-club-laravel-angular/books-management-php-angular/book-api/tests/TestCase.php", "PHP", 0, 0, 0, 0, 0, 0, 7, 0, 0, 0, 4, 11
"/Users/elias/Desktop/Portfolio/book-club-laravel-angular/books-management-php-angular/book-api/tests/Unit/ExampleTest.php", "PHP", 0, 0, 0, 0, 0, 0, 10, 0, 0, 3, 4, 17
"/Users/elias/Desktop/Portfolio/book-club-laravel-angular/books-management-php-angular/book-api/vendor/spatie/ignition/resources/compiled/ignition.css", "CSS", 0, 0, 0, 0, 0, 0, 0, 1, 0, 2, 0, 3
"/Users/elias/Desktop/Portfolio/book-club-laravel-angular/books-management-php-angular/book-api/vendor/spatie/ignition/resources/compiled/ignition.js", "JavaScript", 0, 0, 0, 0, 0, 0, 0, 0, 6, 0, 1, 7
"/Users/elias/Desktop/Portfolio/book-club-laravel-angular/books-management-php-angular/book-api/vite.config.js", "JavaScript", 0, 0, 0, 0, 0, 0, 0, 0, 10, 0, 2, 12
"/Users/elias/Desktop/Portfolio/book-club-laravel-angular/books-management-php-angular/client/book-management/README.md", "Markdown", 0, 0, 0, 14, 0, 0, 0, 0, 0, 0, 14, 28
"/Users/elias/Desktop/Portfolio/book-club-laravel-angular/books-management-php-angular/client/book-management/angular.json", "JSON", 0, 0, 0, 0, 0, 96, 0, 0, 0, 0, 1, 97
"/Users/elias/Desktop/Portfolio/book-club-laravel-angular/books-management-php-angular/client/book-management/package-lock.json", "JSON", 0, 0, 0, 0, 0, 13103, 0, 0, 0, 0, 1, 13104
"/Users/elias/Desktop/Portfolio/book-club-laravel-angular/books-management-php-angular/client/book-management/package.json", "JSON", 0, 0, 0, 0, 0, 51, 0, 0, 0, 0, 1, 52
"/Users/elias/Desktop/Portfolio/book-club-laravel-angular/books-management-php-angular/client/book-management/src/app/_data/data.ts", "TypeScript", 0, 0, 72, 0, 0, 0, 0, 0, 0, 0, 5, 77
"/Users/elias/Desktop/Portfolio/book-club-laravel-angular/books-management-php-angular/client/book-management/src/app/_interceptors/error.interceptor.spec.ts", "TypeScript", 0, 0, 13, 0, 0, 0, 0, 0, 0, 0, 4, 17
"/Users/elias/Desktop/Portfolio/book-club-laravel-angular/books-management-php-angular/client/book-management/src/app/_interceptors/error.interceptor.ts", "TypeScript", 0, 0, 60, 0, 0, 0, 0, 0, 0, 0, 3, 63
"/Users/elias/Desktop/Portfolio/book-club-laravel-angular/books-management-php-angular/client/book-management/src/app/_interceptors/jwt.interceptor.spec.ts", "TypeScript", 0, 0, 13, 0, 0, 0, 0, 0, 0, 0, 4, 17
"/Users/elias/Desktop/Portfolio/book-club-laravel-angular/books-management-php-angular/client/book-management/src/app/_interceptors/jwt.interceptor.ts", "TypeScript", 0, 0, 30, 0, 0, 0, 0, 0, 0, 0, 3, 33
"/Users/elias/Desktop/Portfolio/book-club-laravel-angular/books-management-php-angular/client/book-management/src/app/_models/book.ts", "TypeScript", 0, 0, 25, 0, 0, 0, 0, 0, 0, 0, 2, 27
"/Users/elias/Desktop/Portfolio/book-club-laravel-angular/books-management-php-angular/client/book-management/src/app/_models/cart.ts", "TypeScript", 0, 0, 11, 0, 0, 0, 0, 0, 0, 0, 1, 12
"/Users/elias/Desktop/Portfolio/book-club-laravel-angular/books-management-php-angular/client/book-management/src/app/_models/customer.ts", "TypeScript", 0, 0, 13, 0, 0, 0, 0, 0, 0, 0, 1, 14
"/Users/elias/Desktop/Portfolio/book-club-laravel-angular/books-management-php-angular/client/book-management/src/app/_models/rawapi.ts", "TypeScript", 0, 0, 35, 0, 0, 0, 0, 0, 0, 0, 5, 40
"/Users/elias/Desktop/Portfolio/book-club-laravel-angular/books-management-php-angular/client/book-management/src/app/_models/user.ts", "TypeScript", 0, 0, 18, 0, 0, 0, 0, 0, 0, 0, 2, 20
"/Users/elias/Desktop/Portfolio/book-club-laravel-angular/books-management-php-angular/client/book-management/src/app/_modules/shared.module.ts", "TypeScript", 0, 0, 14, 0, 0, 0, 0, 0, 0, 0, 2, 16
"/Users/elias/Desktop/Portfolio/book-club-laravel-angular/books-management-php-angular/client/book-management/src/app/_services/account-service/account.service.spec.ts", "TypeScript", 0, 0, 12, 0, 0, 0, 0, 0, 0, 0, 5, 17
"/Users/elias/Desktop/Portfolio/book-club-laravel-angular/books-management-php-angular/client/book-management/src/app/_services/account-service/account.service.ts", "TypeScript", 0, 0, 104, 0, 0, 0, 0, 0, 0, 4, 13, 121
"/Users/elias/Desktop/Portfolio/book-club-laravel-angular/books-management-php-angular/client/book-management/src/app/_services/book-param-service/book-param.service.spec.ts", "TypeScript", 0, 0, 12, 0, 0, 0, 0, 0, 0, 0, 5, 17
"/Users/elias/Desktop/Portfolio/book-club-laravel-angular/books-management-php-angular/client/book-management/src/app/_services/book-param-service/book-param.service.ts", "TypeScript", 0, 0, 98, 0, 0, 0, 0, 0, 0, 0, 11, 109
"/Users/elias/Desktop/Portfolio/book-club-laravel-angular/books-management-php-angular/client/book-management/src/app/_services/books-service/book-param.type.ts", "TypeScript", 0, 0, 13, 0, 0, 0, 0, 0, 0, 0, 3, 16
"/Users/elias/Desktop/Portfolio/book-club-laravel-angular/books-management-php-angular/client/book-management/src/app/_services/books-service/books.service.spec.ts", "TypeScript", 0, 0, 12, 0, 0, 0, 0, 0, 0, 0, 5, 17
"/Users/elias/Desktop/Portfolio/book-club-laravel-angular/books-management-php-angular/client/book-management/src/app/_services/books-service/books.service.ts", "TypeScript", 0, 0, 167, 0, 0, 0, 0, 0, 0, 4, 23, 194
"/Users/elias/Desktop/Portfolio/book-club-laravel-angular/books-management-php-angular/client/book-management/src/app/_services/cart-service/cart.service.spec.ts", "TypeScript", 0, 0, 12, 0, 0, 0, 0, 0, 0, 0, 5, 17
"/Users/elias/Desktop/Portfolio/book-club-laravel-angular/books-management-php-angular/client/book-management/src/app/_services/cart-service/cart.service.ts", "TypeScript", 0, 0, 44, 0, 0, 0, 0, 0, 0, 0, 7, 51
"/Users/elias/Desktop/Portfolio/book-club-laravel-angular/books-management-php-angular/client/book-management/src/app/_services/customers-service/customers.service.spec.ts", "TypeScript", 0, 0, 12, 0, 0, 0, 0, 0, 0, 0, 5, 17
"/Users/elias/Desktop/Portfolio/book-club-laravel-angular/books-management-php-angular/client/book-management/src/app/_services/customers-service/customers.service.ts", "TypeScript", 0, 0, 30, 0, 0, 0, 0, 0, 0, 15, 7, 52
"/Users/elias/Desktop/Portfolio/book-club-laravel-angular/books-management-php-angular/client/book-management/src/app/app-routing.module.ts", "TypeScript", 0, 0, 20, 0, 0, 0, 0, 0, 0, 0, 3, 23
"/Users/elias/Desktop/Portfolio/book-club-laravel-angular/books-management-php-angular/client/book-management/src/app/app.component.scss", "SCSS", 0, 0, 0, 0, 0, 0, 0, 0, 0, 0, 1, 1
"/Users/elias/Desktop/Portfolio/book-club-laravel-angular/books-management-php-angular/client/book-management/src/app/app.component.spec.ts", "TypeScript", 0, 0, 25, 0, 0, 0, 0, 0, 0, 0, 5, 30
"/Users/elias/Desktop/Portfolio/book-club-laravel-angular/books-management-php-angular/client/book-management/src/app/app.component.ts", "TypeScript", 0, 0, 42, 0, 0, 0, 0, 0, 0, 0, 6, 48
"/Users/elias/Desktop/Portfolio/book-club-laravel-angular/books-management-php-angular/client/book-management/src/app/app.module.ts", "TypeScript", 0, 0, 41, 0, 0, 0, 0, 0, 0, 0, 2, 43
"/Users/elias/Desktop/Portfolio/book-club-laravel-angular/books-management-php-angular/client/book-management/src/app/components/admin-dashboard/admin-dashboard/admin-dashboard.container.scss", "SCSS", 0, 0, 0, 0, 0, 0, 0, 0, 0, 0, 2, 2
"/Users/elias/Desktop/Portfolio/book-club-laravel-angular/books-management-php-angular/client/book-management/src/app/components/admin-dashboard/admin-dashboard/admin-dashboard.container.spec.ts", "TypeScript", 0, 0, 17, 0, 0, 0, 0, 0, 0, 0, 5, 22
"/Users/elias/Desktop/Portfolio/book-club-laravel-angular/books-management-php-angular/client/book-management/src/app/components/admin-dashboard/admin-dashboard/admin-dashboard.container.ts", "TypeScript", 0, 0, 10, 0, 0, 0, 0, 0, 0, 0, 2, 12
"/Users/elias/Desktop/Portfolio/book-club-laravel-angular/books-management-php-angular/client/book-management/src/app/components/admin-dashboard/admin-sidebar/admin-sidebar.component.scss", "SCSS", 0, 81, 0, 0, 0, 0, 0, 0, 0, 1, 7, 89
"/Users/elias/Desktop/Portfolio/book-club-laravel-angular/books-management-php-angular/client/book-management/src/app/components/admin-dashboard/admin-sidebar/admin-sidebar.component.spec.ts", "TypeScript", 0, 0, 17, 0, 0, 0, 0, 0, 0, 0, 5, 22
"/Users/elias/Desktop/Portfolio/book-club-laravel-angular/books-management-php-angular/client/book-management/src/app/components/admin-dashboard/admin-sidebar/admin-sidebar.component.ts", "TypeScript", 0, 0, 57, 0, 0, 0, 0, 0, 0, 0, 5, 62
"/Users/elias/Desktop/Portfolio/book-club-laravel-angular/books-management-php-angular/client/book-management/src/app/components/bottom-sheet/bottom-sheet.component.scss", "SCSS", 0, 26, 0, 0, 0, 0, 0, 0, 0, 0, 6, 32
"/Users/elias/Desktop/Portfolio/book-club-laravel-angular/books-management-php-angular/client/book-management/src/app/components/bottom-sheet/bottom-sheet.component.spec.ts", "TypeScript", 0, 0, 17, 0, 0, 0, 0, 0, 0, 0, 5, 22
"/Users/elias/Desktop/Portfolio/book-club-laravel-angular/books-management-php-angular/client/book-management/src/app/components/bottom-sheet/bottom-sheet.component.ts", "TypeScript", 0, 0, 47, 0, 0, 0, 0, 0, 0, 0, 5, 52
"/Users/elias/Desktop/Portfolio/book-club-laravel-angular/books-management-php-angular/client/book-management/src/app/components/breadcrumbs/breadcrumbs.component.html", "HTML", 0, 0, 0, 0, 1, 0, 0, 0, 0, 0, 1, 2
"/Users/elias/Desktop/Portfolio/book-club-laravel-angular/books-management-php-angular/client/book-management/src/app/components/breadcrumbs/breadcrumbs.component.scss", "SCSS", 0, 19, 0, 0, 0, 0, 0, 0, 0, 0, 5, 24
"/Users/elias/Desktop/Portfolio/book-club-laravel-angular/books-management-php-angular/client/book-management/src/app/components/breadcrumbs/breadcrumbs.component.spec.ts", "TypeScript", 0, 0, 18, 0, 0, 0, 0, 0, 0, 0, 6, 24
"/Users/elias/Desktop/Portfolio/book-club-laravel-angular/books-management-php-angular/client/book-management/src/app/components/breadcrumbs/breadcrumbs.component.ts", "TypeScript", 0, 0, 20, 0, 0, 0, 0, 0, 0, 0, 2, 22
"/Users/elias/Desktop/Portfolio/book-club-laravel-angular/books-management-php-angular/client/book-management/src/app/components/footer/footer.component.scss", "SCSS", 0, 95, 0, 0, 0, 0, 0, 0, 0, 1, 7, 103
"/Users/elias/Desktop/Portfolio/book-club-laravel-angular/books-management-php-angular/client/book-management/src/app/components/footer/footer.component.spec.ts", "TypeScript", 0, 0, 17, 0, 0, 0, 0, 0, 0, 0, 5, 22
"/Users/elias/Desktop/Portfolio/book-club-laravel-angular/books-management-php-angular/client/book-management/src/app/components/footer/footer.component.ts", "TypeScript", 0, 0, 46, 0, 0, 0, 0, 0, 0, 0, 2, 48
"/Users/elias/Desktop/Portfolio/book-club-laravel-angular/books-management-php-angular/client/book-management/src/app/components/header/action-bar/action-bar.component.scss", "SCSS", 0, 65, 0, 0, 0, 0, 0, 0, 0, 3, 12, 80
"/Users/elias/Desktop/Portfolio/book-club-laravel-angular/books-management-php-angular/client/book-management/src/app/components/header/action-bar/action-bar.component.spec.ts", "TypeScript", 0, 0, 17, 0, 0, 0, 0, 0, 0, 0, 5, 22
"/Users/elias/Desktop/Portfolio/book-club-laravel-angular/books-management-php-angular/client/book-management/src/app/components/header/action-bar/action-bar.component.ts", "TypeScript", 0, 0, 44, 0, 0, 0, 0, 0, 0, 0, 3, 47
"/Users/elias/Desktop/Portfolio/book-club-laravel-angular/books-management-php-angular/client/book-management/src/app/components/header/cart-item/cart-item.component.scss", "SCSS", 0, 27, 0, 0, 0, 0, 0, 0, 0, 0, 7, 34
"/Users/elias/Desktop/Portfolio/book-club-laravel-angular/books-management-php-angular/client/book-management/src/app/components/header/cart-item/cart-item.component.spec.ts", "TypeScript", 0, 0, 17, 0, 0, 0, 0, 0, 0, 0, 5, 22
"/Users/elias/Desktop/Portfolio/book-club-laravel-angular/books-management-php-angular/client/book-management/src/app/components/header/cart-item/cart-item.component.ts", "TypeScript", 0, 0, 47, 0, 0, 0, 0, 0, 0, 0, 7, 54
"/Users/elias/Desktop/Portfolio/book-club-laravel-angular/books-management-php-angular/client/book-management/src/app/components/header/header/header.component.scss", "SCSS", 0, 20, 0, 0, 0, 0, 0, 0, 0, 0, 5, 25
"/Users/elias/Desktop/Portfolio/book-club-laravel-angular/books-management-php-angular/client/book-management/src/app/components/header/header/header.component.spec.ts", "TypeScript", 0, 0, 17, 0, 0, 0, 0, 0, 0, 0, 5, 22
"/Users/elias/Desktop/Portfolio/book-club-laravel-angular/books-management-php-angular/client/book-management/src/app/components/header/header/header.component.ts", "TypeScript", 0, 0, 34, 0, 0, 0, 0, 0, 0, 0, 2, 36
"/Users/elias/Desktop/Portfolio/book-club-laravel-angular/books-management-php-angular/client/book-management/src/app/components/header/nav-bar/nav-bar.component.scss", "SCSS", 0, 69, 0, 0, 0, 0, 0, 0, 0, 6, 14, 89
"/Users/elias/Desktop/Portfolio/book-club-laravel-angular/books-management-php-angular/client/book-management/src/app/components/header/nav-bar/nav-bar.component.spec.ts", "TypeScript", 0, 0, 17, 0, 0, 0, 0, 0, 0, 0, 5, 22
"/Users/elias/Desktop/Portfolio/book-club-laravel-angular/books-management-php-angular/client/book-management/src/app/components/header/nav-bar/nav-bar.component.ts", "TypeScript", 0, 0, 110, 0, 0, 0, 0, 0, 0, 2, 6, 118
"/Users/elias/Desktop/Portfolio/book-club-laravel-angular/books-management-php-angular/client/book-management/src/app/components/loading-state/loading-state.component.scss", "SCSS", 0, 22, 0, 0, 0, 0, 0, 0, 0, 0, 4, 26
"/Users/elias/Desktop/Portfolio/book-club-laravel-angular/books-management-php-angular/client/book-management/src/app/components/loading-state/loading-state.component.spec.ts", "TypeScript", 0, 0, 17, 0, 0, 0, 0, 0, 0, 0, 5, 22
"/Users/elias/Desktop/Portfolio/book-club-laravel-angular/books-management-php-angular/client/book-management/src/app/components/loading-state/loading-state.component.ts", "TypeScript", 0, 0, 18, 0, 0, 0, 0, 0, 0, 0, 1, 19
"/Users/elias/Desktop/Portfolio/book-club-laravel-angular/books-management-php-angular/client/book-management/src/app/components/modals/add-book-modal/add-book-modal.component.scss", "SCSS", 0, 49, 0, 0, 0, 0, 0, 0, 0, 1, 7, 57
"/Users/elias/Desktop/Portfolio/book-club-laravel-angular/books-management-php-angular/client/book-management/src/app/components/modals/add-book-modal/add-book-modal.component.spec.ts", "TypeScript", 0, 0, 17, 0, 0, 0, 0, 0, 0, 0, 5, 22
"/Users/elias/Desktop/Portfolio/book-club-laravel-angular/books-management-php-angular/client/book-management/src/app/components/modals/add-book-modal/add-book-modal.component.ts", "TypeScript", 0, 0, 135, 0, 0, 0, 0, 0, 0, 0, 9, 144
"/Users/elias/Desktop/Portfolio/book-club-laravel-angular/books-management-php-angular/client/book-management/src/app/components/modals/cart-modal/cart-modal.component.scss", "SCSS", 0, 35, 0, 0, 0, 0, 0, 0, 0, 0, 4, 39
"/Users/elias/Desktop/Portfolio/book-club-laravel-angular/books-management-php-angular/client/book-management/src/app/components/modals/cart-modal/cart-modal.component.spec.ts", "TypeScript", 0, 0, 17, 0, 0, 0, 0, 0, 0, 0, 5, 22
"/Users/elias/Desktop/Portfolio/book-club-laravel-angular/books-management-php-angular/client/book-management/src/app/components/modals/cart-modal/cart-modal.component.ts", "TypeScript", 0, 0, 94, 0, 0, 0, 0, 0, 0, 0, 13, 107
"/Users/elias/Desktop/Portfolio/book-club-laravel-angular/books-management-php-angular/client/book-management/src/app/components/modals/post-modal/post-modal.component.scss", "SCSS", 0, 56, 0, 0, 0, 0, 0, 0, 0, 0, 10, 66
"/Users/elias/Desktop/Portfolio/book-club-laravel-angular/books-management-php-angular/client/book-management/src/app/components/modals/post-modal/post-modal.component.spec.ts", "TypeScript", 0, 0, 18, 0, 0, 0, 0, 0, 0, 0, 6, 24
"/Users/elias/Desktop/Portfolio/book-club-laravel-angular/books-management-php-angular/client/book-management/src/app/components/modals/post-modal/post-modal.component.ts", "TypeScript", 0, 0, 43, 0, 0, 0, 0, 0, 0, 0, 3, 46
"/Users/elias/Desktop/Portfolio/book-club-laravel-angular/books-management-php-angular/client/book-management/src/app/components/paginator/paginator.component.scss", "SCSS", 0, 0, 0, 0, 0, 0, 0, 0, 0, 0, 1, 1
"/Users/elias/Desktop/Portfolio/book-club-laravel-angular/books-management-php-angular/client/book-management/src/app/components/paginator/paginator.component.spec.ts", "TypeScript", 0, 0, 17, 0, 0, 0, 0, 0, 0, 0, 5, 22
"/Users/elias/Desktop/Portfolio/book-club-laravel-angular/books-management-php-angular/client/book-management/src/app/components/paginator/paginator.component.ts", "TypeScript", 0, 0, 16, 0, 0, 0, 0, 0, 0, 0, 2, 18
"/Users/elias/Desktop/Portfolio/book-club-laravel-angular/books-management-php-angular/client/book-management/src/app/pages/admin/admin-books/admin-books-collection-container/admin-books-collection.container.scss", "SCSS", 0, 4, 0, 0, 0, 0, 0, 0, 0, 0, 1, 5
"/Users/elias/Desktop/Portfolio/book-club-laravel-angular/books-management-php-angular/client/book-management/src/app/pages/admin/admin-books/admin-books-collection-container/admin-books-collection.container.spec.ts", "TypeScript", 0, 0, 17, 0, 0, 0, 0, 0, 0, 0, 5, 22
"/Users/elias/Desktop/Portfolio/book-club-laravel-angular/books-management-php-angular/client/book-management/src/app/pages/admin/admin-books/admin-books-collection-container/admin-books-collection.container.ts", "TypeScript", 0, 0, 78, 0, 0, 0, 0, 0, 0, 3, 9, 90
"/Users/elias/Desktop/Portfolio/book-club-laravel-angular/books-management-php-angular/client/book-management/src/app/pages/admin/admin-books/admin-books-collection-overview/admin-books-collection-overview.component.scss", "SCSS", 0, 63, 0, 0, 0, 0, 0, 0, 0, 4, 10, 77
"/Users/elias/Desktop/Portfolio/book-club-laravel-angular/books-management-php-angular/client/book-management/src/app/pages/admin/admin-books/admin-books-collection-overview/admin-books-collection-overview.component.spec.ts", "TypeScript", 0, 0, 17, 0, 0, 0, 0, 0, 0, 0, 5, 22
"/Users/elias/Desktop/Portfolio/book-club-laravel-angular/books-management-php-angular/client/book-management/src/app/pages/admin/admin-books/admin-books-collection-overview/admin-books-collection-overview.component.ts", "TypeScript", 0, 0, 155, 0, 0, 0, 0, 0, 0, 6, 21, 182
"/Users/elias/Desktop/Portfolio/book-club-laravel-angular/books-management-php-angular/client/book-management/src/app/pages/admin/admin-customers/admin-customer-collection-container/admin-customers-collection.container.scss", "SCSS", 0, 3, 0, 0, 0, 0, 0, 0, 0, 0, 1, 4
"/Users/elias/Desktop/Portfolio/book-club-laravel-angular/books-management-php-angular/client/book-management/src/app/pages/admin/admin-customers/admin-customer-collection-container/admin-customers-collection.container.spec.ts", "TypeScript", 0, 0, 17, 0, 0, 0, 0, 0, 0, 0, 5, 22
"/Users/elias/Desktop/Portfolio/book-club-laravel-angular/books-management-php-angular/client/book-management/src/app/pages/admin/admin-customers/admin-customer-collection-container/admin-customers-collection.container.ts", "TypeScript", 0, 0, 14, 0, 0, 0, 0, 0, 0, 0, 2, 16
"/Users/elias/Desktop/Portfolio/book-club-laravel-angular/books-management-php-angular/client/book-management/src/app/pages/admin/admin-customers/admin-customer-collection-overview/admin-customers-collection-overview.component.scss", "SCSS", 0, 62, 0, 0, 0, 0, 0, 0, 0, 0, 15, 77
"/Users/elias/Desktop/Portfolio/book-club-laravel-angular/books-management-php-angular/client/book-management/src/app/pages/admin/admin-customers/admin-customer-collection-overview/admin-customers-collection-overview.component.spec.ts", "TypeScript", 0, 0, 17, 0, 0, 0, 0, 0, 0, 0, 5, 22
"/Users/elias/Desktop/Portfolio/book-club-laravel-angular/books-management-php-angular/client/book-management/src/app/pages/admin/admin-customers/admin-customer-collection-overview/admin-customers-collection-overview.component.ts", "TypeScript", 0, 0, 171, 0, 0, 0, 0, 0, 0, 3, 14, 188
"/Users/elias/Desktop/Portfolio/book-club-laravel-angular/books-management-php-angular/client/book-management/src/app/pages/admin/admin-stats/admin-stats.component.scss", "SCSS", 0, 53, 0, 0, 0, 0, 0, 0, 0, 0, 5, 58
"/Users/elias/Desktop/Portfolio/book-club-laravel-angular/books-management-php-angular/client/book-management/src/app/pages/admin/admin-stats/admin-stats.component.spec.ts", "TypeScript", 0, 0, 17, 0, 0, 0, 0, 0, 0, 0, 5, 22
"/Users/elias/Desktop/Portfolio/book-club-laravel-angular/books-management-php-angular/client/book-management/src/app/pages/admin/admin-stats/admin-stats.component.ts", "TypeScript", 0, 0, 39, 0, 0, 0, 0, 0, 0, 0, 2, 41
"/Users/elias/Desktop/Portfolio/book-club-laravel-angular/books-management-php-angular/client/book-management/src/app/pages/admin/adminspace/adminspace.container.scss", "SCSS", 0, 51, 0, 0, 0, 0, 0, 0, 0, 0, 6, 57
"/Users/elias/Desktop/Portfolio/book-club-laravel-angular/books-management-php-angular/client/book-management/src/app/pages/admin/adminspace/adminspace.container.spec.ts", "TypeScript", 0, 0, 24, 0, 0, 0, 0, 0, 0, 0, 4, 28
"/Users/elias/Desktop/Portfolio/book-club-laravel-angular/books-management-php-angular/client/book-management/src/app/pages/admin/adminspace/adminspace.container.ts", "TypeScript", 0, 0, 63, 0, 0, 0, 0, 0, 0, 0, 3, 66
"/Users/elias/Desktop/Portfolio/book-club-laravel-angular/books-management-php-angular/client/book-management/src/app/pages/admin/adminspace/adminspace.module.ts", "TypeScript", 0, 0, 7, 0, 0, 0, 0, 0, 0, 0, 2, 9
"/Users/elias/Desktop/Portfolio/book-club-laravel-angular/books-management-php-angular/client/book-management/src/app/pages/admin/adminspace/adminspace.routes.ts", "TypeScript", 0, 0, 19, 0, 0, 0, 0, 0, 0, 0, 3, 22
"/Users/elias/Desktop/Portfolio/book-club-laravel-angular/books-management-php-angular/client/book-management/src/app/pages/portal/login/login.component.scss", "SCSS", 0, 68, 0, 0, 0, 0, 0, 0, 0, 0, 11, 79
"/Users/elias/Desktop/Portfolio/book-club-laravel-angular/books-management-php-angular/client/book-management/src/app/pages/portal/login/login.component.spec.ts", "TypeScript", 0, 0, 17, 0, 0, 0, 0, 0, 0, 0, 5, 22
"/Users/elias/Desktop/Portfolio/book-club-laravel-angular/books-management-php-angular/client/book-management/src/app/pages/portal/login/login.component.ts", "TypeScript", 0, 0, 84, 0, 0, 0, 0, 0, 0, 1, 6, 91
"/Users/elias/Desktop/Portfolio/book-club-laravel-angular/books-management-php-angular/client/book-management/src/app/pages/portal/logout/logout.component.scss", "SCSS", 0, 9, 0, 0, 0, 0, 0, 0, 0, 0, 1, 10
"/Users/elias/Desktop/Portfolio/book-club-laravel-angular/books-management-php-angular/client/book-management/src/app/pages/portal/logout/logout.component.spec.ts", "TypeScript", 0, 0, 18, 0, 0, 0, 0, 0, 0, 0, 6, 24
"/Users/elias/Desktop/Portfolio/book-club-laravel-angular/books-management-php-angular/client/book-management/src/app/pages/portal/logout/logout.component.ts", "TypeScript", 0, 0, 19, 0, 0, 0, 0, 0, 0, 0, 3, 22
"/Users/elias/Desktop/Portfolio/book-club-laravel-angular/books-management-php-angular/client/book-management/src/app/pages/portal/register/register.component.scss", "SCSS", 0, 106, 0, 0, 0, 0, 0, 0, 0, 2, 22, 130
"/Users/elias/Desktop/Portfolio/book-club-laravel-angular/books-management-php-angular/client/book-management/src/app/pages/portal/register/register.component.spec.ts", "TypeScript", 0, 0, 17, 0, 0, 0, 0, 0, 0, 0, 5, 22
"/Users/elias/Desktop/Portfolio/book-club-laravel-angular/books-management-php-angular/client/book-management/src/app/pages/portal/register/register.component.ts", "TypeScript", 0, 0, 251, 0, 0, 0, 0, 0, 0, 1, 20, 272
"/Users/elias/Desktop/Portfolio/book-club-laravel-angular/books-management-php-angular/client/book-management/src/app/pages/users/books/books-collection-container/books-collection.container.scss", "SCSS", 0, 46, 0, 0, 0, 0, 0, 0, 0, 0, 11, 57
"/Users/elias/Desktop/Portfolio/book-club-laravel-angular/books-management-php-angular/client/book-management/src/app/pages/users/books/books-collection-container/books-collection.container.spec.ts", "TypeScript", 0, 0, 17, 0, 0, 0, 0, 0, 0, 0, 5, 22
"/Users/elias/Desktop/Portfolio/book-club-laravel-angular/books-management-php-angular/client/book-management/src/app/pages/users/books/books-collection-container/books-collection.container.ts", "TypeScript", 0, 0, 130, 0, 0, 0, 0, 0, 0, 4, 18, 152
"/Users/elias/Desktop/Portfolio/book-club-laravel-angular/books-management-php-angular/client/book-management/src/app/pages/users/books/books-collection-grid-overview/books-collection-grid-overview.component.scss", "SCSS", 0, 14, 0, 0, 0, 0, 0, 0, 0, 0, 2, 16
"/Users/elias/Desktop/Portfolio/book-club-laravel-angular/books-management-php-angular/client/book-management/src/app/pages/users/books/books-collection-grid-overview/books-collection-grid-overview.component.spec.ts", "TypeScript", 0, 0, 17, 0, 0, 0, 0, 0, 0, 0, 5, 22
"/Users/elias/Desktop/Portfolio/book-club-laravel-angular/books-management-php-angular/client/book-management/src/app/pages/users/books/books-collection-grid-overview/books-collection-grid-overview.component.ts", "TypeScript", 0, 0, 28, 0, 0, 0, 0, 0, 0, 0, 3, 31
"/Users/elias/Desktop/Portfolio/book-club-laravel-angular/books-management-php-angular/client/book-management/src/app/pages/users/books/books-collection-list-overview/books-collection-list-overview.component.scss", "SCSS", 0, 5, 0, 0, 0, 0, 0, 0, 0, 0, 1, 6
"/Users/elias/Desktop/Portfolio/book-club-laravel-angular/books-management-php-angular/client/book-management/src/app/pages/users/books/books-collection-list-overview/books-collection-list-overview.component.spec.ts", "TypeScript", 0, 0, 17, 0, 0, 0, 0, 0, 0, 0, 5, 22
"/Users/elias/Desktop/Portfolio/book-club-laravel-angular/books-management-php-angular/client/book-management/src/app/pages/users/books/books-collection-list-overview/books-collection-list-overview.component.ts", "TypeScript", 0, 0, 21, 0, 0, 0, 0, 0, 0, 0, 2, 23
"/Users/elias/Desktop/Portfolio/book-club-laravel-angular/books-management-php-angular/client/book-management/src/app/pages/users/books/books-filters/books-filters.component.scss", "SCSS", 0, 103, 0, 0, 0, 0, 0, 0, 0, 6, 22, 131
"/Users/elias/Desktop/Portfolio/book-club-laravel-angular/books-management-php-angular/client/book-management/src/app/pages/users/books/books-filters/books-filters.component.spec.ts", "TypeScript", 0, 0, 17, 0, 0, 0, 0, 0, 0, 0, 5, 22
"/Users/elias/Desktop/Portfolio/book-club-laravel-angular/books-management-php-angular/client/book-management/src/app/pages/users/books/books-filters/books-filters.component.ts", "TypeScript", 0, 0, 122, 0, 0, 0, 0, 0, 0, 3, 16, 141
"/Users/elias/Desktop/Portfolio/book-club-laravel-angular/books-management-php-angular/client/book-management/src/app/pages/users/books/books-grid-item/books-grid-item.component.scss", "SCSS", 0, 17, 0, 0, 0, 0, 0, 0, 0, 0, 4, 21
"/Users/elias/Desktop/Portfolio/book-club-laravel-angular/books-management-php-angular/client/book-management/src/app/pages/users/books/books-grid-item/books-grid-item.component.spec.ts", "TypeScript", 0, 0, 17, 0, 0, 0, 0, 0, 0, 0, 5, 22
"/Users/elias/Desktop/Portfolio/book-club-laravel-angular/books-management-php-angular/client/book-management/src/app/pages/users/books/books-grid-item/books-grid-item.component.ts", "TypeScript", 0, 0, 23, 0, 0, 0, 0, 0, 0, 0, 2, 25
"/Users/elias/Desktop/Portfolio/book-club-laravel-angular/books-management-php-angular/client/book-management/src/app/pages/users/books/books-list-item/books-list-item.component.scss", "SCSS", 0, 21, 0, 0, 0, 0, 0, 0, 0, 0, 4, 25
"/Users/elias/Desktop/Portfolio/book-club-laravel-angular/books-management-php-angular/client/book-management/src/app/pages/users/books/books-list-item/books-list-item.component.spec.ts", "TypeScript", 0, 0, 18, 0, 0, 0, 0, 0, 0, 0, 6, 24
"/Users/elias/Desktop/Portfolio/book-club-laravel-angular/books-management-php-angular/client/book-management/src/app/pages/users/books/books-list-item/books-list-item.component.ts", "TypeScript", 0, 0, 28, 0, 0, 0, 0, 0, 0, 0, 3, 31
"/Users/elias/Desktop/Portfolio/book-club-laravel-angular/books-management-php-angular/client/book-management/src/app/pages/users/books/books-sort-bar/books-sort-bar.component.scss", "SCSS", 0, 87, 0, 0, 0, 0, 0, 0, 0, 0, 10, 97
"/Users/elias/Desktop/Portfolio/book-club-laravel-angular/books-management-php-angular/client/book-management/src/app/pages/users/books/books-sort-bar/books-sort-bar.component.spec.ts", "TypeScript", 0, 0, 17, 0, 0, 0, 0, 0, 0, 0, 5, 22
"/Users/elias/Desktop/Portfolio/book-club-laravel-angular/books-management-php-angular/client/book-management/src/app/pages/users/books/books-sort-bar/books-sort-bar.component.ts", "TypeScript", 0, 0, 138, 0, 0, 0, 0, 0, 0, 0, 11, 149
"/Users/elias/Desktop/Portfolio/book-club-laravel-angular/books-management-php-angular/client/book-management/src/app/pages/users/checkout/checkout-container/checkout.container.scss", "SCSS", 0, 30, 0, 0, 0, 0, 0, 0, 0, 0, 4, 34
"/Users/elias/Desktop/Portfolio/book-club-laravel-angular/books-management-php-angular/client/book-management/src/app/pages/users/checkout/checkout-container/checkout.container.spec.ts", "TypeScript", 0, 0, 17, 0, 0, 0, 0, 0, 0, 0, 5, 22
"/Users/elias/Desktop/Portfolio/book-club-laravel-angular/books-management-php-angular/client/book-management/src/app/pages/users/checkout/checkout-container/checkout.container.ts", "TypeScript", 0, 0, 50, 0, 0, 0, 0, 0, 0, 0, 6, 56
"/Users/elias/Desktop/Portfolio/book-club-laravel-angular/books-management-php-angular/client/book-management/src/app/pages/users/checkout/order-item/order-item.component.scss", "SCSS", 0, 18, 0, 0, 0, 0, 0, 0, 0, 0, 4, 22
"/Users/elias/Desktop/Portfolio/book-club-laravel-angular/books-management-php-angular/client/book-management/src/app/pages/users/checkout/order-item/order-item.component.spec.ts", "TypeScript", 0, 0, 17, 0, 0, 0, 0, 0, 0, 0, 5, 22
"/Users/elias/Desktop/Portfolio/book-club-laravel-angular/books-management-php-angular/client/book-management/src/app/pages/users/checkout/order-item/order-item.component.ts", "TypeScript", 0, 0, 19, 0, 0, 0, 0, 0, 0, 0, 2, 21
"/Users/elias/Desktop/Portfolio/book-club-laravel-angular/books-management-php-angular/client/book-management/src/app/pages/users/confirmation/confirmation-container/confirmation.container.scss", "SCSS", 0, 6, 0, 0, 0, 0, 0, 0, 0, 0, 1, 7
"/Users/elias/Desktop/Portfolio/book-club-laravel-angular/books-management-php-angular/client/book-management/src/app/pages/users/confirmation/confirmation-container/confirmation.container.spec.ts", "TypeScript", 0, 0, 17, 0, 0, 0, 0, 0, 0, 0, 5, 22
"/Users/elias/Desktop/Portfolio/book-club-laravel-angular/books-management-php-angular/client/book-management/src/app/pages/users/confirmation/confirmation-container/confirmation.container.ts", "TypeScript", 0, 0, 22, 0, 0, 0, 0, 0, 0, 0, 3, 25
"/Users/elias/Desktop/Portfolio/book-club-laravel-angular/books-management-php-angular/client/book-management/src/app/pages/users/home/home-container/home.container.scss", "SCSS", 0, 47, 0, 0, 0, 0, 0, 0, 0, 0, 9, 56
"/Users/elias/Desktop/Portfolio/book-club-laravel-angular/books-management-php-angular/client/book-management/src/app/pages/users/home/home-container/home.container.spec.ts", "TypeScript", 0, 0, 17, 0, 0, 0, 0, 0, 0, 0, 5, 22
"/Users/elias/Desktop/Portfolio/book-club-laravel-angular/books-management-php-angular/client/book-management/src/app/pages/users/home/home-container/home.container.ts", "TypeScript", 0, 0, 26, 0, 0, 0, 0, 0, 0, 0, 3, 29
"/Users/elias/Desktop/Portfolio/book-club-laravel-angular/books-management-php-angular/client/book-management/src/app/pages/users/home/home-post-item/home-post-item.component.scss", "SCSS", 0, 0, 0, 0, 0, 0, 0, 0, 0, 0, 1, 1
"/Users/elias/Desktop/Portfolio/book-club-laravel-angular/books-management-php-angular/client/book-management/src/app/pages/users/home/home-post-item/home-post-item.component.spec.ts", "TypeScript", 0, 0, 18, 0, 0, 0, 0, 0, 0, 0, 6, 24
"/Users/elias/Desktop/Portfolio/book-club-laravel-angular/books-management-php-angular/client/book-management/src/app/pages/users/home/home-post-item/home-post-item.component.ts", "TypeScript", 0, 0, 9, 0, 0, 0, 0, 0, 0, 0, 2, 11
"/Users/elias/Desktop/Portfolio/book-club-laravel-angular/books-management-php-angular/client/book-management/src/app/pages/users/home/home-post-prompt/home-post-prompt.component.scss", "SCSS", 0, 33, 0, 0, 0, 0, 0, 0, 0, 0, 6, 39
"/Users/elias/Desktop/Portfolio/book-club-laravel-angular/books-management-php-angular/client/book-management/src/app/pages/users/home/home-post-prompt/home-post-prompt.component.spec.ts", "TypeScript", 0, 0, 18, 0, 0, 0, 0, 0, 0, 0, 6, 24
"/Users/elias/Desktop/Portfolio/book-club-laravel-angular/books-management-php-angular/client/book-management/src/app/pages/users/home/home-post-prompt/home-post-prompt.component.ts", "TypeScript", 0, 0, 38, 0, 0, 0, 0, 0, 0, 0, 3, 41
"/Users/elias/Desktop/Portfolio/book-club-laravel-angular/books-management-php-angular/client/book-management/src/app/pages/users/home/home-posts-container/home-posts.container.scss", "SCSS", 0, 0, 0, 0, 0, 0, 0, 0, 0, 0, 1, 1
"/Users/elias/Desktop/Portfolio/book-club-laravel-angular/books-management-php-angular/client/book-management/src/app/pages/users/home/home-posts-container/home-posts.container.spec.ts", "TypeScript", 0, 0, 18, 0, 0, 0, 0, 0, 0, 0, 6, 24
"/Users/elias/Desktop/Portfolio/book-club-laravel-angular/books-management-php-angular/client/book-management/src/app/pages/users/home/home-posts-container/home-posts.container.ts", "TypeScript", 0, 0, 9, 0, 0, 0, 0, 0, 0, 0, 2, 11
"/Users/elias/Desktop/Portfolio/book-club-laravel-angular/books-management-php-angular/client/book-management/src/app/pages/users/profile/profile-change-photo/profile-change-photo.component.scss", "SCSS", 0, 32, 0, 0, 0, 0, 0, 0, 0, 0, 7, 39
"/Users/elias/Desktop/Portfolio/book-club-laravel-angular/books-management-php-angular/client/book-management/src/app/pages/users/profile/profile-change-photo/profile-change-photo.component.spec.ts", "TypeScript", 0, 0, 17, 0, 0, 0, 0, 0, 0, 0, 5, 22
"/Users/elias/Desktop/Portfolio/book-club-laravel-angular/books-management-php-angular/client/book-management/src/app/pages/users/profile/profile-change-photo/profile-change-photo.component.ts", "TypeScript", 0, 0, 56, 0, 0, 0, 0, 0, 0, 0, 3, 59
"/Users/elias/Desktop/Portfolio/book-club-laravel-angular/books-management-php-angular/client/book-management/src/app/pages/users/profile/profile-container/profile.container.scss", "SCSS", 0, 5, 0, 0, 0, 0, 0, 0, 0, 0, 1, 6
"/Users/elias/Desktop/Portfolio/book-club-laravel-angular/books-management-php-angular/client/book-management/src/app/pages/users/profile/profile-container/profile.container.spec.ts", "TypeScript", 0, 0, 17, 0, 0, 0, 0, 0, 0, 0, 5, 22
"/Users/elias/Desktop/Portfolio/book-club-laravel-angular/books-management-php-angular/client/book-management/src/app/pages/users/profile/profile-container/profile.container.ts", "TypeScript", 0, 0, 33, 0, 0, 0, 0, 0, 0, 0, 2, 35
"/Users/elias/Desktop/Portfolio/book-club-laravel-angular/books-management-php-angular/client/book-management/src/app/pages/users/profile/profile-details-tab/profile-details-tab.component.scss", "SCSS", 0, 14, 0, 0, 0, 0, 0, 0, 0, 0, 3, 17
"/Users/elias/Desktop/Portfolio/book-club-laravel-angular/books-management-php-angular/client/book-management/src/app/pages/users/profile/profile-details-tab/profile-details-tab.component.spec.ts", "TypeScript", 0, 0, 18, 0, 0, 0, 0, 0, 0, 0, 6, 24
"/Users/elias/Desktop/Portfolio/book-club-laravel-angular/books-management-php-angular/client/book-management/src/app/pages/users/profile/profile-details-tab/profile-details-tab.component.ts", "TypeScript", 0, 0, 43, 0, 0, 0, 0, 0, 0, 0, 8, 51
"/Users/elias/Desktop/Portfolio/book-club-laravel-angular/books-management-php-angular/client/book-management/src/app/pages/users/profile/profile-edit-tab/profile-edit-tab.component.scss", "SCSS", 0, 51, 0, 0, 0, 0, 0, 0, 0, 2, 11, 64
"/Users/elias/Desktop/Portfolio/book-club-laravel-angular/books-management-php-angular/client/book-management/src/app/pages/users/profile/profile-edit-tab/profile-edit-tab.component.spec.ts", "TypeScript", 0, 0, 18, 0, 0, 0, 0, 0, 0, 0, 6, 24
"/Users/elias/Desktop/Portfolio/book-club-laravel-angular/books-management-php-angular/client/book-management/src/app/pages/users/profile/profile-edit-tab/profile-edit-tab.component.ts", "TypeScript", 0, 0, 127, 0, 0, 0, 0, 0, 0, 0, 11, 138
"/Users/elias/Desktop/Portfolio/book-club-laravel-angular/books-management-php-angular/client/book-management/src/app/pages/users/profile/profile-favourites-tab/profile-favourites-tab.component.scss", "SCSS", 0, 43, 0, 0, 0, 0, 0, 0, 0, 0, 8, 51
"/Users/elias/Desktop/Portfolio/book-club-laravel-angular/books-management-php-angular/client/book-management/src/app/pages/users/profile/profile-favourites-tab/profile-favourites-tab.component.spec.ts", "TypeScript", 0, 0, 18, 0, 0, 0, 0, 0, 0, 0, 6, 24
"/Users/elias/Desktop/Portfolio/book-club-laravel-angular/books-management-php-angular/client/book-management/src/app/pages/users/profile/profile-favourites-tab/profile-favourites-tab.component.ts", "TypeScript", 0, 0, 57, 0, 0, 0, 0, 0, 0, 0, 9, 66
"/Users/elias/Desktop/Portfolio/book-club-laravel-angular/books-management-php-angular/client/book-management/src/app/pages/users/profile/profile-settings-tabs/profile-settings-tabs.component.scss", "SCSS", 0, 33, 0, 0, 0, 0, 0, 0, 0, 0, 8, 41
"/Users/elias/Desktop/Portfolio/book-club-laravel-angular/books-management-php-angular/client/book-management/src/app/pages/users/profile/profile-settings-tabs/profile-settings-tabs.component.spec.ts", "TypeScript", 0, 0, 17, 0, 0, 0, 0, 0, 0, 0, 5, 22
"/Users/elias/Desktop/Portfolio/book-club-laravel-angular/books-management-php-angular/client/book-management/src/app/pages/users/profile/profile-settings-tabs/profile-settings-tabs.component.ts", "TypeScript", 0, 0, 56, 0, 0, 0, 0, 0, 0, 0, 3, 59
"/Users/elias/Desktop/Portfolio/book-club-laravel-angular/books-management-php-angular/client/book-management/src/app/pages/users/single-book/add-button/add-button.component.scss", "SCSS", 0, 0, 0, 0, 0, 0, 0, 0, 0, 0, 1, 1
"/Users/elias/Desktop/Portfolio/book-club-laravel-angular/books-management-php-angular/client/book-management/src/app/pages/users/single-book/add-button/add-button.component.spec.ts", "TypeScript", 0, 0, 18, 0, 0, 0, 0, 0, 0, 0, 6, 24
"/Users/elias/Desktop/Portfolio/book-club-laravel-angular/books-management-php-angular/client/book-management/src/app/pages/users/single-book/add-button/add-button.component.ts", "TypeScript", 0, 0, 29, 0, 0, 0, 0, 0, 0, 0, 3, 32
"/Users/elias/Desktop/Portfolio/book-club-laravel-angular/books-management-php-angular/client/book-management/src/app/pages/users/single-book/favourite-button/favourite-button.component.scss", "SCSS", 0, 0, 0, 0, 0, 0, 0, 0, 0, 0, 1, 1
"/Users/elias/Desktop/Portfolio/book-club-laravel-angular/books-management-php-angular/client/book-management/src/app/pages/users/single-book/favourite-button/favourite-button.component.spec.ts", "TypeScript", 0, 0, 18, 0, 0, 0, 0, 0, 0, 0, 6, 24
"/Users/elias/Desktop/Portfolio/book-club-laravel-angular/books-management-php-angular/client/book-management/src/app/pages/users/single-book/favourite-button/favourite-button.component.ts", "TypeScript", 0, 0, 22, 0, 0, 0, 0, 0, 0, 0, 3, 25
"/Users/elias/Desktop/Portfolio/book-club-laravel-angular/books-management-php-angular/client/book-management/src/app/pages/users/single-book/single-book.container.scss", "SCSS", 0, 141, 0, 0, 0, 0, 0, 0, 0, 4, 29, 174
"/Users/elias/Desktop/Portfolio/book-club-laravel-angular/books-management-php-angular/client/book-management/src/app/pages/users/single-book/single-book.container.spec.ts", "TypeScript", 0, 0, 17, 0, 0, 0, 0, 0, 0, 0, 5, 22
"/Users/elias/Desktop/Portfolio/book-club-laravel-angular/books-management-php-angular/client/book-management/src/app/pages/users/single-book/single-book.container.ts", "TypeScript", 0, 0, 194, 0, 0, 0, 0, 0, 0, 2, 25, 221
"/Users/elias/Desktop/Portfolio/book-club-laravel-angular/books-management-php-angular/client/book-management/src/app/pages/users/single-book/switch/switch.component.scss", "SCSS", 0, 0, 0, 0, 0, 0, 0, 0, 0, 0, 1, 1
"/Users/elias/Desktop/Portfolio/book-club-laravel-angular/books-management-php-angular/client/book-management/src/app/pages/users/single-book/switch/switch.component.spec.ts", "TypeScript", 0, 0, 18, 0, 0, 0, 0, 0, 0, 0, 6, 24
"/Users/elias/Desktop/Portfolio/book-club-laravel-angular/books-management-php-angular/client/book-management/src/app/pages/users/single-book/switch/switch.component.ts", "TypeScript", 0, 0, 21, 0, 0, 0, 0, 0, 0, 0, 2, 23
"/Users/elias/Desktop/Portfolio/book-club-laravel-angular/books-management-php-angular/client/book-management/src/app/pages/users/single-book/toggle/toggle.component.scss", "SCSS", 0, 0, 0, 0, 0, 0, 0, 0, 0, 0, 1, 1
"/Users/elias/Desktop/Portfolio/book-club-laravel-angular/books-management-php-angular/client/book-management/src/app/pages/users/single-book/toggle/toggle.component.spec.ts", "TypeScript", 0, 0, 18, 0, 0, 0, 0, 0, 0, 0, 6, 24
"/Users/elias/Desktop/Portfolio/book-club-laravel-angular/books-management-php-angular/client/book-management/src/app/pages/users/single-book/toggle/toggle.component.ts", "TypeScript", 0, 0, 17, 0, 0, 0, 0, 0, 0, 0, 3, 20
"/Users/elias/Desktop/Portfolio/book-club-laravel-angular/books-management-php-angular/client/book-management/src/app/pages/users/workspace/workspace.container.scss", "SCSS", 0, 0, 0, 0, 0, 0, 0, 0, 0, 0, 1, 1
"/Users/elias/Desktop/Portfolio/book-club-laravel-angular/books-management-php-angular/client/book-management/src/app/pages/users/workspace/workspace.container.spec.ts", "TypeScript", 0, 0, 24, 0, 0, 0, 0, 0, 0, 0, 4, 28
"/Users/elias/Desktop/Portfolio/book-club-laravel-angular/books-management-php-angular/client/book-management/src/app/pages/users/workspace/workspace.container.ts", "TypeScript", 0, 0, 19, 0, 0, 0, 0, 0, 0, 0, 2, 21
"/Users/elias/Desktop/Portfolio/book-club-laravel-angular/books-management-php-angular/client/book-management/src/app/pages/users/workspace/workspace.module.ts", "TypeScript", 0, 0, 7, 0, 0, 0, 0, 0, 0, 0, 2, 9
"/Users/elias/Desktop/Portfolio/book-club-laravel-angular/books-management-php-angular/client/book-management/src/app/pages/users/workspace/workspace.routes.ts", "TypeScript", 0, 0, 28, 0, 0, 0, 0, 0, 0, 0, 4, 32
"/Users/elias/Desktop/Portfolio/book-club-laravel-angular/books-management-php-angular/client/book-management/src/assets/add-book.svg", "XML", 7, 0, 0, 0, 0, 0, 0, 0, 0, 0, 0, 7
"/Users/elias/Desktop/Portfolio/book-club-laravel-angular/books-management-php-angular/client/book-management/src/assets/app-launcher.svg", "XML", 1, 0, 0, 0, 0, 0, 0, 0, 0, 0, 0, 1
"/Users/elias/Desktop/Portfolio/book-club-laravel-angular/books-management-php-angular/client/book-management/src/assets/logout-btn.svg", "XML", 26, 0, 0, 0, 0, 0, 0, 0, 0, 1, 0, 27
"/Users/elias/Desktop/Portfolio/book-club-laravel-angular/books-management-php-angular/client/book-management/src/assets/search-icon.svg", "XML", 12, 0, 0, 0, 0, 0, 0, 0, 0, 1, 0, 13
"/Users/elias/Desktop/Portfolio/book-club-laravel-angular/books-management-php-angular/client/book-management/src/assets/stats.svg", "XML", 1, 0, 0, 0, 0, 0, 0, 0, 0, 0, 0, 1
"/Users/elias/Desktop/Portfolio/book-club-laravel-angular/books-management-php-angular/client/book-management/src/assets/test.svg", "XML", 1, 0, 0, 0, 0, 0, 0, 0, 0, 0, 0, 1
"/Users/elias/Desktop/Portfolio/book-club-laravel-angular/books-management-php-angular/client/book-management/src/assets/toggle.svg", "XML", 1, 0, 0, 0, 0, 0, 0, 0, 0, 0, 0, 1
"/Users/elias/Desktop/Portfolio/book-club-laravel-angular/books-management-php-angular/client/book-management/src/environments/environment.development.ts", "TypeScript", 0, 0, 4, 0, 0, 0, 0, 0, 0, 0, 1, 5
"/Users/elias/Desktop/Portfolio/book-club-laravel-angular/books-management-php-angular/client/book-management/src/environments/environment.ts", "TypeScript", 0, 0, 4, 0, 0, 0, 0, 0, 0, 0, 1, 5
"/Users/elias/Desktop/Portfolio/book-club-laravel-angular/books-management-php-angular/client/book-management/src/index.html", "HTML", 0, 0, 0, 0, 26, 0, 0, 0, 0, 0, 2, 28
"/Users/elias/Desktop/Portfolio/book-club-laravel-angular/books-management-php-angular/client/book-management/src/main.ts", "TypeScript", 0, 0, 4, 0, 0, 0, 0, 0, 0, 0, 4, 8
"/Users/elias/Desktop/Portfolio/book-club-laravel-angular/books-management-php-angular/client/book-management/src/styles.scss", "SCSS", 0, 186, 0, 0, 0, 0, 0, 0, 0, 3, 22, 211
"/Users/elias/Desktop/Portfolio/book-club-laravel-angular/books-management-php-angular/client/book-management/tsconfig.app.json", "JSON", 0, 0, 0, 0, 0, 13, 0, 0, 0, 1, 1, 15
"/Users/elias/Desktop/Portfolio/book-club-laravel-angular/books-management-php-angular/client/book-management/tsconfig.json", "JSON", 0, 0, 0, 0, 0, 32, 0, 0, 0, 1, 1, 34
"/Users/elias/Desktop/Portfolio/book-club-laravel-angular/books-management-php-angular/client/book-management/tsconfig.spec.json", "JSON", 0, 0, 0, 0, 0, 13, 0, 0, 0, 1, 1, 15
"Total", "-", 79, 1915, 4814, 60, 27, 21879, 2514, 1, 20, 1754, 1927, 34990